Country Name,Country Code,1961,1962,1963,1964,1965,1966,1967,1968,1969,1970,1971,1972,1973,1974,1975,1976,1977,1978,1979,1980,1981,1982,1983,1984,1985,1986,1987,1988,1989,1990,1991,1992,1993,1994,1995,1996,1997,1998,1999,2000,2001,2002,2003,2004,2005,2006,2007,2008,2009,2010,2011,2012,2013,2014,2015,2016,2017,2018,2019,2020,2021,2022,2023,2024,2025
Australia,AUS,2.48085739405019,1.29693177230521,6.21437634985244,6.97757189326991,5.97750537090864,2.3810335009272,6.30689948609215,5.09512980987455,7.04760243224727,7.17469983682571,4.0009865700372,3.90697856876663,2.6185458738897,4.10661101328289,1.33870055771159,2.58782205117312,3.59237581967973,0.895363440295682,4.05155094854514,3.03453508064058,3.34242019351289,3.32864998005238,-2.22582353017135,4.5644786594345,5.28169814609451,3.96976309787884,2.5567680273608,5.76137011855324,3.87901779350344,3.57297569098456,-0.384631357046658,0.433065864126704,4.04583374101011,3.97884434177331,3.89017188961647,3.86567479160071,3.91795814771731,4.67681373479508,5.02822035850596,3.9160574881715,2.03145880248898,3.94980535772942,3.0912800997751,4.21894147547516,3.15548121323168,2.7709261737475,3.78947119882653,3.62398503565633,1.95484826298522,2.21004795300735,2.39473494330615,3.95247138119184,2.65445302592404,2.60118978187332,2.16434780647852,2.75564065529868,2.29331030192918,2.87417039499501,2.19401703622717,-0.133531904304775,2.00694844335034,4.25304559238732,3.58382100798981,1.37340773365975,1.35039785076631
Austria,AUT,5.53797902513386,2.64867460443732,4.13826783091311,6.12435345300248,3.48017454307666,5.64286142932208,3.00804740763752,4.47231239659007,6.27586703858165,7.12287566074039,5.11496844003607,6.20786057271572,4.89043598428583,3.94213819626765,-0.363735781670002,4.57844491490252,5.0799812066944,-0.21065365212003,5.35669993923946,1.731485495966,-0.144294731083647,2.01125455462991,2.97308783817583,0.0512751573205321,2.49867884980837,2.30139279474186,1.35716799468845,3.2958798164712,3.88707478685015,4.34564183768971,3.44162748808654,2.0935244262602,0.526809769496765,2.40211843259056,2.66798388882503,2.21576713087359,2.1458350552646,3.49288002962309,3.76192435190464,3.18952292988787,1.31698749571339,1.48436877605324,1.14156504542775,2.56525534067859,2.32036514266782,3.26933601506059,3.77522468729185,1.45330562142114,-3.58626472551299,1.80898243043663,2.92746800169145,0.628246239479637,-0.250726423318454,0.755798850316665,1.30352331826198,2.11721964494312,2.27224992038207,2.48422114080024,1.75497619649288,-6.31825509209936,4.92309171717903,5.33096379400371,-0.786244288594673,-0.659089573171372,0.615747280959056
Bélgica,BEL,4.97842290203951,5.21200316192976,4.35158439272112,6.95668500485647,3.56066018685455,3.15589488893686,3.86814722361169,4.19412943238677,6.62980009162366,6.35267229121293,3.98582719666759,5.29560467072521,6.38170179993882,4.56525850850306,-1.96594188277651,5.65274606308233,0.626154572057786,2.84189681697329,2.34107304540791,4.44405389248001,-0.279283585394069,0.594986767578831,0.311843009473307,2.46638245146747,1.65179297063331,1.82276203316596,2.30665968936027,4.72320872854138,3.46916697570174,3.13740221731629,1.83307441343001,1.53065475142162,-0.961873076923027,3.22697145426247,2.38475724870135,1.32143214432601,3.79367165541437,1.96183240455609,3.54271798823922,3.71670510672588,1.09960362419645,1.70689430349601,1.03795518162204,3.57120671942319,2.32173792911834,2.55234087322462,3.67692462515802,0.446905130727231,-1.90644105515335,2.71031150254662,1.93115502411325,0.215803612089744,0.305494549070232,1.76554038149924,1.47416433731927,1.19350273007754,1.47446761556785,1.87796847383565,2.4428900448156,-4.7929839083518,6.25445686466593,4.02460852835887,1.56125539542029,1.09775383828703,0.983117967125935
Canadá,CAN,3.16329173248933,7.42783725181209,5.29744007975117,6.65599998250741,6.31719994750095,6.75969011323785,3.06542075476872,5.00827413057785,5.06703238381456,2.91871305007516,4.01884505535331,5.51966992842571,6.72864152445543,3.35777594002199,1.5454033371204,5.88927591475903,3.53482658557137,3.73597640512338,3.72519945403704,2.17719922747995,3.41506517464589,-3.16615029457148,2.56225365883793,5.89856946503677,4.73768071614444,2.12148088392294,4.07201567327779,4.41083906453277,2.33732982035617,0.202947848289654,-2.09105516498515,0.890466243956382,2.65770683842972,4.49404933882288,2.68232826962129,1.68896122145787,4.28016680422402,3.89288658501088,5.14100348449622,5.13853918994158,1.87509813099847,2.99925533832644,1.8063851195103,3.09236381038156,3.21045441502793,2.63794375302722,2.04990459443619,0.995406371264522,-2.91508627059555,3.09080633744851,3.1371944343876,1.75566133205234,2.32581356612762,2.87346675579731,0.64997101491096,1.03855091989323,3.03383491841392,2.74296341402246,1.90843193887251,-5.03823342794087,5.95052804984759,4.69541985045903,1.95308552199025,2.04626605401701,1.74268536175708
Suiza,CHE,5.68129275501126,4.25904731066512,5.3279337607149,6.82116455221615,3.8215074888714,2.09084417658971,3.36538853101615,3.63850584213618,5.00907522318819,6.47367386674536,0.944646267325481,2.28873880124212,3.96798105498392,3.19819566983648,2.55286257007239,1.05810474369396,-1.59625851921649,1.75154796226502,3.84000338120771,1.69997141281395,0.454830406055848,1.24866463987856,1.90063878642042,4.22953538456656,2.16037367780808,2.69132308579346,3.35384287267485,2.55903865202789,2.65480684650132,0.754674850871268,-1.14597481735849,-1.15859267203984,-2.06561631523785,4.01576592867781,4.09438994746239,0.560166924751584,2.09761680316545,2.77611373648112,1.68007571116809,3.63321673470911,1.59219781357001,0.380410134195273,-0.284222357857615,2.58692895529093,2.95208487460334,4.13432251467916,3.98319384807056,2.53159615417233,-1.93490944903913,3.26063082122047,1.40766067483813,1.12413575027705,1.83612392927999,2.54342347675991,1.45450336491099,1.91159094214852,1.42034612231261,3.32743256101493,1.11532187197474,-2.2552579425106,6.17622836050151,3.53430286842426,0.825560934124624,1.39033363875791,1.30007790958307
Chile,CHL,5.51961070344885,3.93078479110629,5.68667190016438,2.46113427734542,0.670838636062939,11.4634218589357,3.58811073177469,3.57371701447551,4.10317976748962,1.69447257971353,9.57107393842624,-0.712365918422577,-5.03775611682208,1.2495800122858,-12.2737621533613,3.60469484521828,11.1491944807539,8.02682491365691,8.43582175738598,8.17228334347537,6.71863895635887,-11.5020620535762,-4.9352297090374,3.98371018713553,3.55239860775048,5.40556438635799,6.73884253090458,7.35081069623416,10.3583568690228,3.59872304691744,7.75620189312957,11.5019314370192,6.6855844008042,5.07680374667352,9.25542757753573,7.1148626270751,7.3917392684331,4.18088662700669,-0.2736313981937,4.9716214882971,3.15403492459967,3.20279913520113,4.72324526861041,6.67425416822923,5.83704571917758,6.04999082563968,5.16823098528431,3.78939280635238,-1.11803723642878,5.85165102224047,6.22389678509138,6.15534001855494,3.30850824710085,1.79264947139259,2.15194249981184,1.753038749071,1.35769537343957,3.99002947789977,0.644223402631923,-6.1396969411886,11.3374032409913,2.06391864254198,0.677024831595858,2.80512637106611,2.45925474781374
Colombia,COL,5.08921698439107,5.41188961342047,3.28670755407101,6.16694132350723,3.60001138983772,5.23673586229452,4.13486416579858,5.93311799878289,6.10251730873333,6.20779696127698,5.9607279462907,7.66914754440097,6.72295496919133,5.74575718912141,2.32325528115796,4.7283687345395,4.15850545346419,8.4699008376688,5.37911898820207,4.08735367550767,2.27687274512178,0.948420786604515,1.57395603843689,3.35068373940706,3.1071061957296,5.82407613745866,5.36893214821323,4.06417324490376,3.41409610966596,4.28199833053058,2.00160759559029,4.04492943933556,5.38540993901029,5.81466190724336,5.20243759278655,2.05585471287195,3.43029367788374,0.569784088434517,-4.20401524244947,2.92486148176778,1.67789830787579,2.50398046659659,3.91827190322513,5.33302206759905,4.82876110773741,6.71686869844402,6.73819469090975,3.28344618616541,1.13964864548062,4.49465897070922,6.94789198173555,3.91263576716115,5.13399351995672,4.49903000110972,2.95590137527523,2.08738250162794,1.35936086788746,2.56432428277704,3.18685539245533,-7.18591413760859,10.8011981904878,7.32827729427979,0.841819555752039,1.49330728771066,2.64201548985928
Costa Rica,CRI,1.8792765563641,5.44239137528257,6.89892344200919,3.65904831413995,8.1905275942481,6.96931903096751,5.65012592038399,8.47330434699469,5.4917999425584,7.5031343433506,6.77850542642196,8.17804513351513,7.70891581191245,5.54489999097116,2.10007104948495,5.51756440295593,8.90447443155162,6.26768682442558,4.93912395498315,0.751895403326387,-2.26165550729671,-7.28556884666179,2.86299270239465,8.02410790730326,0.72160172926823,5.53625084315684,4.76453327969504,3.43214737968852,5.66597554871322,3.55306336572279,2.26565496296189,9.20110358278828,7.09719089594824,4.51902842051615,4.15395329584814,1.35045951266757,5.47616597492105,7.08853729218445,4.147800457203,3.80207210664838,3.49117013515725,3.41687615891895,4.31718000096654,4.42459978667458,3.97666631433462,7.3266951372695,8.21513209207497,4.73817511214847,-0.87345608994562,5.36034347722267,4.40315921836142,4.88259252932575,2.49476596233289,3.54210997703849,3.65208093006359,4.20432320775184,4.15769914676933,2.85285959760458,2.70813912948329,-4.14159340574358,8.21817953969082,5.46119455235068,4.79187732359398,4.08292444182048,4.56033547844829
República Checa,CZE,,,,,,,,,,,,,,,,,,,,,,,,,,,,,,,-11.6149423646776,-0.506542343116848,0.0619042423607254,2.90930948412982,6.22140598863832,4.16858426915319,-0.595838414214853,-0.393150193750415,1.37836060943835,4.010669619984,2.9172195289956,1.51345949139996,3.300836832613,4.73633969683438,6.37502886086791,6.62317299177447,5.48882595164517,2.61226807205139,-4.79832416684926,2.71466509907701,1.77238085338473,-0.770668190622743,-0.0418124160447491,2.24521219862635,4.95875848915604,2.58087013921376,5.17356529967881,2.83030588267866,3.56577658128261,-5.30487955463876,4.02901832055149,2.8471706583814,0.0475803308973752,1.25131096245923,2.58046673293437
Alemania,DEU,4.29843950975808,4.6234710102125,2.73529643602564,6.63946989651858,5.24416402432635,2.81218130587229,-0.330256452713016,5.66877310370654,7.41810273162662,5.10314457629295,3.13269976979846,4.30034129247663,4.77748690945469,0.890068699312494,-0.866738936529003,4.94925843456397,3.34721808033223,3.00849288842491,4.15036333786591,1.40882864441943,0.529240541969116,-0.394840735634787,1.57241014192158,2.82294783585535,2.32793520067574,2.28733925852798,1.4021515883601,3.70723567991882,3.89655170553733,5.25500610110028,5.10826150190911,2.01361340926105,-0.973033082340891,2.59685569693275,1.50499384201356,1.0378755674358,1.85432238398302,2.09561231172233,2.12957016297766,2.8765231247659,1.63614170690956,-0.228255715793637,-0.529801394291297,1.16208684507278,0.885485292551564,3.86668241523209,2.8891174138025,0.887902330743628,-5.54455451920674,4.13463778522758,3.75796884489337,0.463512036709204,0.396995583779145,2.18018602168017,1.66300602334775,2.22222216259371,2.797906720551,1.13569604599849,0.977734697038784,-4.13191443239947,3.90999994204108,1.8092581243061,-0.869647578573321,-0.495851897260366,0.239578342117881
Dinamarca,DNK,6.37883241469532,5.66682208755829,0.637021221129984,9.26993821028159,4.5552548590879,2.74091007045041,5.88623124121932,5.85299737649714,6.79912047392293,1.85600172758038,3.17782168196071,3.79759816845579,4.71949291132046,-0.964267384329801,-1.40989953291778,5.99340195153275,1.98543025474245,2.41699354282181,4.05329979126334,-0.751430002361559,-0.740986389012875,3.89211245643591,2.65480394401855,4.33934505132922,4.15308383294486,4.73340611933794,0.462955829960563,0.272951118976223,0.697173210370437,1.66026774169177,1.45818005306188,2.0228112415746,-0.078900412805325,5.29469615156448,3.03802150461165,2.89575069230459,3.16848143784479,2.32630274538961,2.96730536257029,3.72400899471576,0.95003224600012,0.456530018779986,0.441091006625101,2.77635180744053,2.35960882992528,3.81648769908172,0.987173815945127,-0.417178439991005,-4.97447905669058,1.58289703108802,1.3108037609606,-0.0054323016167074,1.39267343161971,1.27799983192831,2.10441456445301,3.07304549209093,3.05647723922718,1.8600074900921,1.71140093932736,-1.78010601831291,6.50025445756295,0.443832614908331,0.604587766175584,3.47783593140312,2.92843280014236
España,ESP,11.8386744503902,9.95343823186656,9.59649901930561,5.30851044597863,6.25313501090316,7.24606020058305,4.34033831645002,6.59702019075823,8.90701540575571,4.24497088667341,4.64947364578497,8.14974586367205,7.7884653422601,5.61878564719633,0.542203343297047,3.30379140860018,2.83857436106388,1.46300333315605,0.0415465166768456,2.20872810257116,-0.13246859717357,1.2464617922282,1.77011581051299,1.78468751370853,2.3214357659951,3.25332169179885,5.54712273579352,5.09432412898086,4.82703031299745,3.7813935513235,2.54600049647455,0.929215482921151,-1.03149183695307,2.38319537908909,2.75749400293542,2.60741117110229,3.58729972356299,4.30197745333581,4.40886545305924,5.20064125553942,3.91908880808811,2.75545611564098,2.9392895953076,3.1145314799161,3.5512255846125,4.04343515605099,3.53350013165972,0.767165748290694,-3.76813306940053,0.0941223116369514,-0.639920636520344,-2.86511368637748,-1.42732224757626,1.52048593647231,4.06086672473866,2.91515598595787,2.89604207865007,2.39541124478878,1.96117850841711,-10.9400706350371,6.68314420473001,6.37031712129601,2.46085796805582,3.45525405630191,2.82495400578509
Estonia,EST,,,,,,,,,,,,,,,,,,,,,,,,,,,,,,,-7.99984543758373,-21.1686553650031,-5.74049004899702,-1.6424292041964,4.52668338927012,4.94301226131752,13.0500207047869,4.33982761193587,-0.425025372086623,10.0876385800462,5.88074589534277,6.93300082616575,7.59630181032645,6.80070110758655,9.52305386462066,9.76257131206653,7.57091879311882,-5.12531154308803,-14.6302225427906,2.4497502063999,7.60697458913162,3.67201872506541,1.75649379621869,3.32278988182702,1.83815262882932,3.09301920751959,5.63467248963991,3.69969756161726,3.72664943466884,-2.88380751483778,8.25488044580031,-1.22616966587796,-2.74421914571231,-0.0900428648493801,0.584308464789387
Finlandia,FIN,7.60467026250204,2.98194619587649,3.28509957241208,5.23868649547225,5.30285837553808,2.37282236922805,2.16882897910781,2.30328981591643,9.59328847858328,7.47043267144105,2.35692123166586,7.7354848193458,6.98382835563822,3.23653343563224,1.80489795187316,0.344383187103318,0.239510630103453,2.91970756437469,7.12192593764533,5.38904748575388,1.28938426892493,3.08671541654802,3.10384880639285,3.22653291609758,3.54005438717211,2.75509931172768,3.56103297195551,5.23111280719965,5.08392955255206,0.691649917806032,-5.88059618513641,-3.31137361706595,-0.779815061561479,3.96437283726799,4.23436710187066,3.66265716987186,6.39770068404337,5.45427021765444,4.38928070374669,5.75373770498848,2.64026205699308,1.68732644358099,2.01179992738312,4.00537952277651,2.77730918518017,4.01957326515895,5.31280176694145,0.784431235717051,-8.07603116552393,3.1682879121621,2.39039455396828,-1.52284013040689,-0.979741024949618,-0.4780684247837,0.466503766322674,2.57193414898754,3.30337003591039,1.19297759742292,1.34973845741737,-2.49103605535707,2.67634641498897,0.763041912763526,-1.28973484453397,0.374566568538427,0.173444509584499
Francia,FRA,4.94642545980355,6.85626464484753,6.1033388581149,6.58280685437494,4.83875011249243,5.16354274190655,4.80177080876672,4.54401821190027,7.09364697994077,6.20017438615466,5.29344622836985,4.51410759995832,6.19458406640176,4.41471376407343,-0.945609616912307,4.33755647481964,3.55415568976466,3.94936216342872,3.69531078677157,1.67641337198611,1.18831474293866,2.44251268690125,1.26205761797051,1.60947146551595,1.56907436604108,2.38953554470334,2.55274621143047,4.81422400170246,4.40516927190527,2.82962715326478,1.23666248297356,1.5160611169627,-0.35899781051468,2.38366086110145,2.30479278392259,1.39707987198881,2.5270616339357,3.45259434279616,3.39930808809441,4.14099996402915,1.89946701186636,1.06775027069419,0.967827182558352,2.86825052501032,1.88856584109286,2.71406448755236,2.53048188351066,0.380171435849121,-2.82455153714783,2.00032476039051,2.43757653729007,0.183835264973013,0.781756446231,0.997832947295251,1.06675474783462,0.860031075424033,2.08361485997399,1.64590872395887,2.02744646419237,-7.44064589948231,6.88233783360239,2.71676264185913,1.43921494437743,1.19046798275883,0.840949955479587
Reino Unido,GBR,2.70131421328257,1.0986962362898,4.85954520244742,5.59481105874345,2.13033308666921,1.56744960482462,2.77573771112216,5.47269310050385,1.93913775370176,2.70858148856038,2.00453760135888,3.62637105743457,7.31352424220155,-1.67969792645223,-0.676870194049812,2.80465599545295,2.36335094409922,3.40337382855367,2.74677219709527,-2.17910220206564,-1.3234581733779,2.09306886432368,3.62434641923983,2.67092491032817,3.59938143817158,4.01232987098167,4.56208082572655,5.0321018040183,2.28144671930745,0.779266119883417,-1.29243974751705,1.29472849604493,3.49048744653493,4.95341092800692,3.53339096338078,2.61491606949487,4.8799853038024,3.24631482881618,2.94445869854798,4.52438074810904,2.39102229602824,1.70902736258567,3.21851612669614,2.32601853325993,2.7906547174688,2.18982132415704,2.93091133582351,-0.0494116727402769,-4.58740819226323,2.26054460931586,0.851437739020326,1.52826034721852,1.71846961308464,3.16017351468152,2.14040560033371,2.20652020635357,3.02322219840339,1.55133095078786,1.25629899760824,-10.047896637362,8.5431118453255,5.14970388522993,0.271650048355255,1.08027716858781,1.38844207858726
Grecia,GRC,13.2038386052462,0.364812289877747,11.8448666655957,9.40967732368279,10.7680109720411,6.49450138060494,5.66948643356486,7.20371768036424,11.5636684082563,8.93058020025967,7.84117657760304,10.1601515908652,8.09237907118801,-6.43824057014004,6.36680794602181,6.85189869571943,2.94100090620763,7.24686397906468,3.28207958853159,0.67713140669585,-1.55372126905196,-1.13264739051145,-1.07862273931177,2.01058093704644,2.50955640237393,0.517660006338886,-2.25886322369171,4.28786172851761,3.79999995287797,0.0,3.09999970633838,0.700000337119789,-1.60000002186294,1.99999984724822,2.09971953235275,1.38247057325857,3.60288326516122,3.43693579661333,2.65878562321184,4.13782699405849,4.65041459442163,4.68313727063017,5.79682274294369,5.37786634595851,1.18350635493289,6.44339762487436,3.50686976639459,0.0574740238200775,-4.11927606715011,-5.6937412158003,-9.87677875300243,-8.33113421099992,-2.27211699888024,0.792225060962835,-0.228301892172851,-0.0317947678412054,1.47312472702352,2.06467207892409,2.27718065334808,-9.19623149726978,8.65449786002131,5.52198580589408,2.13591131996631,2.0865743380603,2.07306882481713
Hungría,HUN,4.69999999488822,6.09999999841257,5.69999999485775,4.69999999556325,42.4104142736878,7.3999999999681,7.50000000167125,4.89999999675248,6.89999999952575,4.70000000204568,6.20000000077683,6.10000000166247,6.89999999769147,5.90000000111885,6.20000000011996,3.60000000149444,7.59999999820526,4.39999999884645,2.69999999994029,0.200000000298047,2.86674496073709,2.84108854346734,0.722965872564103,2.65804768341506,-0.253067484259233,1.53494882553377,4.05122959931954,-0.0652631444904301,0.736424820167869,-3.49665976104178,-11.8920408609388,-3.06418034558638,-0.576108518425613,2.94715455541068,1.48952547593046,0.101234227633242,2.97787906543104,3.84810814449837,3.08605811588221,4.40937501806403,4.06202617226026,4.73006530805553,3.93877761242727,4.96312536156307,4.30028318461673,3.93393162712054,0.332354337878925,0.993437085479655,-6.7401660845502,1.06795068152046,1.91670916599742,-1.33948446518181,2.03216990678146,4.33435364113967,3.65981615406955,2.43864141309342,4.12418389451805,5.60613813768876,5.07718495088933,-4.33872540024058,7.22291580811137,4.15238057779229,-0.817107370513455,0.709070599066038,0.509542309726868
Irlanda,IRL,5.01616916866978,3.21644390828419,4.74463396242706,3.78596297345371,1.93344870050223,0.893092672389145,5.78570381955785,8.24392804095207,5.86385531503191,2.66052933421503,3.46988866612384,6.48980775082018,4.72142803863792,4.26023030161873,5.65664652614466,1.39480668315268,8.21130051013432,7.18672760788444,3.07303639266831,3.07932918345945,3.32521731639946,2.28346843284601,-0.244301213870017,4.35437267775501,3.08561465915007,-0.428330204205935,4.66309058769842,5.21741342322537,5.81391994557339,8.46652776398362,1.9296401741083,3.34327412603812,2.69260841466448,5.75582797061618,9.63442136559036,7.37962465765875,11.0217650823433,8.7661226571214,10.5298856427062,9.40352476399653,5.30582133514299,5.89936506079005,3.01383869396012,6.78813990621356,5.73978202625278,4.98785364537615,5.31011830898613,-4.48407081043062,-5.09578277913846,1.68297175486512,1.60886648916944,-0.40502941658977,2.1929375750029,9.38579335130922,24.6239856364006,1.22271661130947,10.1088576065965,7.68865937437435,4.97288003766816,7.15369505735335,16.2581881158197,7.51113888415304,-2.53637409313261,2.59946721553708,12.3375990291434
Islandia,ISL,-0.0741840750400797,8.31477354616688,10.2810142672661,9.88191422626177,7.29638018286288,8.75065886498352,-1.26030052797319,-5.49828177696551,2.38961032371272,7.45814314227431,13.0608375831739,6.17733454676718,6.80600969930141,5.70629209965455,0.64615505171875,5.95936756657377,8.82227726391153,6.01671453236096,4.86058242659418,5.74792072898289,4.2650070463216,2.15456624389918,-2.15116172402108,4.12911824601976,3.29284143329744,6.27054192019342,8.54593973363589,-0.089725977854286,0.258439804261698,1.16937035968014,-0.223525498840075,-3.37389416853765,1.31344949985998,3.60885792911003,0.116583656161382,4.49765336794034,4.14087045329792,7.01048323038307,3.89798762511016,4.90518213950493,3.84093935332692,0.542286728290463,2.28136971847135,7.62260520494142,7.02934061160924,5.67161248703039,8.74132941862472,1.69961072411662,-8.32146414938261,-2.22181843777449,1.37999669197329,1.16931174934061,3.59695697128252,1.91381613095174,3.76859020213645,6.21808764670307,3.48506704155555,4.66077036232377,1.13821227336888,-6.64587810456635,5.18057190719905,8.85729897856851,5.0322597376242,-1.2828764442695,1.27946207863934
Israel,ISR,11.2038898974002,10.1561168171325,10.695723235584,7.93718694756733,8.99794788994292,-0.0796471421118241,2.99502647219659,16.2419517102616,13.5657021366781,7.30733562481677,10.9510708625275,12.1465543644432,5.58746394207819,6.47616144401562,3.24281927767115,0.322503652229273,1.03529921058237,5.55508715376642,6.20781581339436,1.67044186363161,5.33992670698777,2.08250042347377,3.35910137510471,0.933214010494638,4.03694020672467,4.19014432194915,7.13971140010318,2.91001631242278,0.574746841063316,7.3151991296676,7.72611507495277,7.75926624282712,4.11675642426739,7.42784534825054,6.60292461082722,5.83892253875895,3.61026597240067,4.1019344139424,3.28835789304527,8.59152200608253,0.270471415054473,-0.152880392675172,1.43455918035305,4.64944459908543,4.35256427740218,5.59106550120008,6.31307137087018,3.2158134842205,1.22017480850096,5.54470607068944,5.51341969081251,2.40993765217618,4.09013743330735,3.718144149431,2.23599889603805,4.53601939236572,4.34394518932547,4.05349952888294,3.57898762923605,-1.80206927953466,9.33534690236249,6.36407234798706,2.06272504731618,0.953618469238535,2.93114966387968
Italia,ITA,8.20724597589673,6.20365038538202,5.60972790418452,2.79770230068472,3.26802365121867,5.98479421486059,7.17861243185169,6.5445545873539,6.09805993564241,5.31050247643583,1.81810794624113,3.69048578366487,7.12586233109471,5.50014109691006,-2.09016289171086,7.12538510094043,2.56050082604729,3.24013978059317,5.95915952688955,3.43001634618649,0.844227628121416,0.413585694308892,1.16920342741862,3.22585239030356,2.79808575480784,2.85997186889063,3.19196062140115,4.19437725054567,3.38838350504491,1.98577491758405,1.53844759206665,0.834275417393798,-0.852805731913904,2.15102367074849,2.88683671925843,1.34558477192847,1.92572122608527,1.8043732818638,1.67799157943422,3.88209885062652,2.00643329837733,0.26992966378873,0.0665538088732092,1.4740217064723,0.762410677306491,1.79947992234244,1.46229205289291,-1.02313851177097,-5.30515401233991,1.52910573247101,0.695463154440176,-3.12523877282996,-1.81802510749792,-0.0013876173045446,0.885667635240807,1.23622108511661,1.60369995294101,0.826646712344115,0.429162533780342,-8.86822122185345,8.93106210800055,4.82117669913565,0.922796543670316,0.783039135276795,0.539583636778445
Japón,JPN,12.043536357022,8.90897303614973,8.47364243635415,11.676708250654,5.81970783966972,10.6385615902031,11.0821423327248,12.8824681707163,12.4778945420024,0.399050611065093,4.69899204214205,8.41354725497627,8.03259997458245,-1.22523982750916,3.09157591623077,3.97498409113672,4.39033795009327,5.27194150317187,5.4840418324284,2.81759120738283,4.20933646523171,3.31245673740017,3.52304498510377,4.50199481622435,5.23338094687848,3.32652561623384,4.73066586040017,6.78502010955764,4.85803768615389,4.89271306574565,3.41749676183089,0.848069581218368,-0.517919847117952,0.99306636322622,2.34205546196849,3.07546731409349,1.36297109407448,-1.77264091037956,-0.347600398675738,2.97832688768516,0.284608556379041,0.0849888050363319,1.38010935830795,2.11294823723127,1.8482813374834,1.54630843078741,1.72837912865577,-1.16662209355141,-5.9359411383964,4.13645589222239,-0.20035785332982,1.64893452981225,1.99727653399265,0.905915486065865,1.79997735783475,0.704986495111257,1.62345062245441,0.834143845965585,-0.308496921143259,-4.28327942675573,3.56419531474475,1.33164750653741,0.720785304749811,-0.240084236041696,1.19311288444599
"Corea, República de",KOR,6.9203873483396,3.92175773832845,9.00980852779276,9.42671363350965,7.31363967906637,12.0079930944014,9.15142541597389,13.222886263609,14.5906815127852,10.1670415997143,10.6514008040897,7.33682343209188,14.9746910473879,9.64890876792887,7.93151191415265,13.2631948828989,12.3772941278967,11.0694555184031,8.73691533999403,-1.52426391001066,7.40382133739918,8.46826958565821,13.4668057465528,10.6366054976723,7.93879547760545,11.50298504807,12.8922089918574,12.1331951107172,7.16501737923842,10.0248996213899,10.8749739277708,6.35159199606441,6.99471791742556,9.3718357757101,9.7358937505409,7.99042982526839,6.2821926537929,-4.9389297463141,11.6172629559591,9.2018583880479,4.72593560322356,7.74399895319569,3.07472661826947,5.1836368597334,4.35823667337156,5.24500550580342,5.8419633918717,3.00440451679569,0.81986175641795,6.98166138853071,3.6880320602952,2.54766550568242,3.2913959543442,3.21468019683108,2.92029267301234,3.17152748983935,3.433191763972,3.17611568177327,2.31380210595475,-0.700242317542106,4.61296795454287,2.72756456708991,1.58301467403629,2.00361101838986,1.00701840291242
Lituania,LTU,,,,,,,,,,,,,,,,,,,,,,,,,,,,,,,-5.6756642731925,-21.2589694228032,-16.2268623098899,-9.76605322187085,3.29008262426858,5.02694376847307,8.30063037348748,7.46293714937232,-1.09700818020993,3.41862206571636,6.48412665187908,6.71983945103626,10.5518959629574,6.50203536075556,7.7314467577492,7.39548122468629,11.0779282578673,2.59946154605602,-14.8386117894848,0.427199566550769,6.32363664821298,4.38290584355157,4.04691318575325,3.7725437958099,2.83280643343234,2.67192215053329,4.61224310312809,4.91836780106811,4.67735183530451,0.0428158336981426,6.39481772930206,2.46532013155011,0.739537398185803,3.03019543767596,2.92007656461696
Luxemburgo,LUX,3.82998138409332,1.35867628948618,3.43911198594992,7.86582544744337,-0.73492975300033,1.10589941514236,0.216730539713424,4.18387723458528,9.97285677756084,1.75993591351104,2.66723351069847,6.5981982956401,8.31267077441045,4.21247361331076,-6.57137080362814,2.53433057787748,1.56977197000445,4.07497535070786,2.34561008805581,0.840881769623977,-0.550953306090335,1.13129633110074,2.98908218676767,6.18693947396744,2.79170151318351,9.9839386111551,3.95097758570968,8.46328242722446,9.79806159175014,5.31993003333675,8.64419104734844,1.81965480509376,4.20064571003755,3.82092143373001,1.43220024272964,1.39807630241253,5.41972646151088,6.67419503775402,8.17613777063244,6.93809504692074,3.07427520210337,3.22528846998354,2.6192502126754,4.23067892192488,2.48250499371829,6.01662739677904,8.09852098069817,-0.302272983306707,-3.23895268839308,3.76040578658925,1.0442860057217,1.64971134354685,3.17168513780955,2.62308838097542,2.26836572735107,4.97819047122638,1.31711942298405,1.61129891211624,2.74932091920692,-0.510051634039826,6.92973270801744,-1.09741256293819,0.0994370594039111,0.358614003982225,0.63787818818335
Letonia,LVA,,,,,,,,,,,,,,,,,,,,,,,,,,,,,,,-12.5952222309891,-32.1185703106863,-4.98297870115201,2.18990858235335,-0.944762865564712,2.29996103802466,9.17147634072084,6.55000264756266,2.81840455944993,5.84102642353959,6.46057826727287,7.66548778586991,8.42913257059108,8.72514341727928,11.6153178557457,12.825017846905,10.4145372792714,-3.38871665849958,-16.0400195313042,-3.66125859554762,3.03634482668815,7.30524057200897,2.09609028156248,2.0949597710559,3.78336712084972,2.55168601974034,3.39894872623931,4.30971286294503,0.675372771884227,-3.46922750780554,6.94254173062592,1.90853419029801,-0.941606068823631,-0.0370556648288982,2.13786855731288
México,MEX,5.00000000072309,4.66441467253127,8.10688692761114,11.9054807657866,7.09999999747173,6.09613930256681,5.85492487897324,9.42327881831926,3.41862002349839,6.50248403469675,3.76246768495716,8.22880731245257,7.86111986063614,5.77682723020618,5.74448504862428,4.41744413626853,3.39063970656844,8.95694232786306,9.69817013704461,8.75662242586424,9.58584115454994,-0.0495863656386035,-4.62412795987231,3.51341334932273,1.91921578613494,-3.92995990782299,2.06336322631584,1.21826122938586,3.62544873456009,5.25004329944582,3.97590497138043,3.56861354412243,2.86699945461075,4.39412788764169,-5.91029962358286,6.21829715869302,7.19887615284711,6.18507893082885,2.75503039300564,5.02928399378261,-0.450845253215945,-0.236588001922641,1.18554486709559,3.56544102622887,2.11324711473297,4.80501351664901,2.0778639395329,0.943331872912935,-6.29525056697287,4.9713345832195,3.44404505297089,3.55321076010608,0.852101550164704,2.50376350783593,2.70232343024026,1.7724932254128,1.87172854648381,1.97208211101069,-0.392690513290532,-8.35403459379062,6.04848347173572,3.70975708309098,3.1067964131456,1.35057631384696,0.561683456144578
Países Bajos,NLD,0.295546504846172,6.84350722750473,3.62462159639203,8.27490413848105,8.64309474781801,2.74110435359816,5.28001495109744,6.41613410796171,6.4294490946164,6.14018151825016,4.31698034729853,3.53387449555808,5.44422319799096,3.4387177026689,0.0020287559480323,4.45630944629636,2.52044058142084,2.6962468211259,2.01416625857843,1.34191409240884,-0.78361166175803,-1.24075669199284,2.06995815677583,3.06167877138195,2.58018000128781,2.78697583712109,1.9312485744144,3.44121890433911,4.42011793059889,4.18322289611109,2.4391343395225,1.70607100505794,1.25755214528137,2.96109252246121,3.11603593857495,3.42063535269868,4.24847396941847,4.64770326997895,5.04334216651563,4.21970034558892,2.32358454925847,0.24582951723049,0.0978549395212411,2.01628331561487,2.03401576512488,3.53729585853395,3.88542348324803,2.11674514240192,-3.66528147002826,1.31935287897116,1.77330320575034,-0.977826121310997,-0.0302410184270769,1.61255885112396,2.12064007193544,2.42428065449427,2.78150834679987,2.25873158164956,2.3001616053659,-3.86799714191608,6.27683593745216,5.00723453395074,-0.598061017580278,1.07383137319854,1.78463214703797
Noruega,NOR,6.2733355410215,2.81394521638465,3.78504305750515,5.00965105972533,5.28560880430634,3.78651321598602,6.25607895878227,2.25987551481224,4.50461146666011,1.94330054570493,5.7147684412603,5.28421650140392,4.49029469472772,3.96443769084686,4.94798609099843,5.84956345415462,4.15190588338356,3.85568468692183,4.35122903414562,4.5267984596924,1.67423049803278,0.242440465084144,3.94088668258857,6.07555820534726,5.56110673396684,4.04765910229874,1.74427870145095,-0.330025653077698,1.02954207990309,1.95899042256056,2.85865596855008,3.56422602983729,2.87306009185421,5.03933284247313,4.15289526465317,4.96949434701779,5.09208924000464,2.72590814782492,2.18261230296261,3.443416131481,2.1634350595868,1.45747886087304,1.09635781210122,4.33015597691212,2.96973597025936,2.84726376691944,3.42030119916608,0.822805797014865,-1.61327151945869,1.00493269017117,1.38505117083945,2.82395673492459,1.27290177696287,2.09521388080101,2.04428845501438,1.29158732771135,2.66964474273466,1.1103912365576,1.46970781954143,-1.36055723261586,4.14314688769197,4.08039770659241,0.352695581319765,1.42372134524737,1.08528185031417
Nueva Zelandia,NZL,3.31564972674543,3.08087351858559,6.10211748394454,6.10328473743307,6.1117321350133,6.24846245288686,-4.58942364359896,-0.0488485727357499,10.1946714880749,-1.39760788020411,3.78545741843028,5.1191086821659,7.80027793991758,5.99344071907922,-1.73168325405558,0.928812762144631,-3.93633767566311,0.318563365865202,2.19177502002559,1.28425192493805,4.65565287633527,0.929685035623876,3.49152457902733,4.79269907520923,1.61533480446978,2.71326964068473,0.962508198457385,-0.334621133273799,0.164699005861976,0.136887537634095,-1.07586748814022,1.10092234546755,6.3836309435096,5.11167356780264,4.73676080285628,3.59083953715972,2.07551582422867,0.855188594957326,5.38315295474565,2.86879087314065,3.41557461751114,4.71514593471419,4.72587484712128,4.09053577279863,3.35295444152619,2.7744428588158,3.06312221869514,-1.02561134479848,-0.040259885205117,1.47182504276788,2.1445004445998,2.30256429520961,2.5648360739867,3.81933619307242,3.72968312125018,3.7435247472109,3.31568621648204,3.32219666491432,2.32371708441623,-0.240916114758988,4.29916005216614,3.34521847792682,1.81389453412019,-0.868722371893952,0.462871830681081
Polonia,POL,,,,,,,,,,,,,,,,,,,,,,,,,,,,,,,-7.01557879301123,2.51497861350261,3.73831029461471,5.292802066626,7.92965956313934,6.09387747385628,6.35890635030509,4.62161133761769,4.69918479192557,4.65633252988236,1.23374464400356,1.90119437968586,3.52337117234833,5.09079546409544,3.26082274679216,6.20210710934373,6.7604478527626,4.38377069274605,2.61512859291683,3.16892748258036,5.25546256612796,1.51178167644575,0.684240607051805,3.92050862390032,4.43176700264478,3.03117767594847,5.15245773325907,6.2458584723942,4.58045817256199,-2.03556882399977,6.92718266052501,5.25545697386036,0.249610834017872,3.02841630700273,3.5727250346774
Portugal,PRT,5.53490446482866,6.61444657322659,5.87370138713079,6.31074750083511,7.46898966740095,4.07790851389984,7.54448267869383,8.87550967399879,2.12074172405788,9.11384270152895,6.63165162093394,8.01569616394021,11.2006718999033,1.14285965477239,-4.34763043220784,6.90023019372026,5.60259779264088,2.81596606697316,5.63893733004393,4.58934022380851,1.61810337594387,2.1353747657862,-0.173112539564684,-1.87997986277209,2.80743961484895,4.14095608461172,6.38139391332237,7.4891073628233,6.44063956353789,3.95052317228428,4.36820616663232,1.08947689832507,-2.04327729359404,0.964838285067799,4.28278017236022,3.50424653058748,4.40086766458026,4.80796318953165,3.90657779623113,3.81617714108242,1.94367213427915,0.770924781247714,-0.930521045062918,1.78873552917291,0.781847569123585,1.62503532956156,2.50657937751231,0.319247344434558,-3.12207827545093,1.73762453640036,-1.71352745905065,-4.05090267621935,-0.984106574148328,0.741391420706506,1.58979803702681,2.00414129666575,3.31472008175986,2.94628343449202,2.74568432648596,-8.20463159324387,5.55875672070374,6.98584137580278,3.09998745904281,2.21459232301109,1.86448007464475
República Eslovaca,SVK,,,,,,,,,,,,,,,,,,,,,,,,,,,,,,,-14.5738026728363,-6.72148858941303,1.90132875267943,6.20553051900119,5.8434942995335,6.11957878556568,5.48584018546269,3.82610773560614,-0.473261209621114,0.78922447792516,2.92516077248489,4.41725348271514,4.85669851591319,5.38949856996771,6.48493222274386,8.92568704770216,10.8186295074904,5.36337721231949,-5.50533790972226,6.79058159142423,2.56242473215553,1.56917104702706,0.703323545247201,2.70795151449488,5.17687909722133,1.94781841524558,2.87473327453695,4.06211981896483,2.27589910019393,-2.58551241733207,5.6558588065555,0.544591632137454,2.11263633214959,1.93867445549446,0.807418690144758
Eslovenia,SVN,,,,,,,,,,,,,,,,,,,,,,,,,,,,,,,-8.90010739121053,-5.46369702570964,2.84342005538596,5.32748694375739,4.1071588268846,2.91361775262531,5.17133827310541,3.06382595802013,5.26800700427259,3.49791942086068,2.82868479430465,3.28258371393918,3.19503117236037,4.54602214352336,3.8541277114569,5.90878130011174,7.1392312914716,3.37223866114127,-7.59058614046387,1.11213719306735,0.655438128379743,-2.91553782040462,-0.823776417691676,2.76283327639742,2.39330621338168,3.03441486663654,5.17440215579958,4.37908347331195,3.50525332381912,-4.08500094942896,8.41686457725321,2.66850555542486,2.3758326648385,1.73139722479493,1.05992996255246
Suecia,SWE,5.68129282767997,4.25904719368346,5.32793383778119,6.82116446107321,3.821507586275,2.09084426689796,3.36538864517098,3.638505638623,5.00907518225404,6.47367396370416,0.944646218021433,2.28873878707626,3.96798115589563,3.19819561873223,2.55286265850103,1.05810489091265,-1.59625857600648,1.75154803918647,3.84000348607525,1.69997145285421,0.454830427902976,1.24866467425022,1.90063868064665,4.22953525809793,2.16037374917175,2.69132318957357,3.35384296895474,2.55903868133913,2.65480690949124,0.754674765275468,-1.14597485051154,-1.15859275987265,-2.06561636908388,4.01576585901515,4.09438992772475,1.70471985374236,3.06499186399252,4.24583179417877,4.20111929805536,4.63112136551369,1.36080642694121,2.27772867861897,1.88102769675844,4.17958419343711,2.79313782840156,4.67607488877992,3.22486814096095,-0.923113250067971,-4.25561384207619,5.75076477579255,3.16388567406926,-0.414397702454409,1.13766671801426,2.29577238758284,4.38824673608589,2.13117914731151,1.88282184966646,1.7702553546772,2.60823012869524,-1.93379704032216,5.2258643028773,1.25543620445816,-0.204061304891439,1.01779633304398,1.54316373266217
Turquía,TUR,1.15606938539699,5.57142858180481,9.06630555240935,5.45905679838043,2.82352954343872,11.2128150353513,4.73251024393737,6.77799601038105,4.08114562089492,3.23350897293227,5.56669450058796,7.42578832564243,3.26233451840494,5.59447440269354,7.17411268977115,10.4611795563238,3.40666980449136,1.50293301122338,-0.62411357022269,-2.44735042580159,4.85664876652028,3.56322781218334,4.97108077727097,6.71201571206028,4.24133571639942,7.01203111054394,9.48553884246728,2.32073679394847,0.2902440687796,9.26614667149315,0.720279039109613,5.03563493261181,7.65126520761324,-4.66814736735584,7.878266878218,7.15779847930847,7.3578623747848,1.90857064345151,-3.05277055759434,6.98528697817062,-5.45940838563062,6.43550883793114,5.79909321038525,9.92540551918624,9.11157745861635,7.06762607623939,5.10818513903604,0.920118221365883,-4.88269401706633,8.54219848467686,10.9799625273598,4.80762696633448,8.48825689298511,4.60079447270559,5.80557386628684,3.32366508200445,7.82585730002594,3.46815306092219,1.30162365464503,1.80306247087255,11.811094450607,5.44122511322401,5.04512369812289,3.3276230893799,3.60462514082589
Estados Unidos,USA,2.29999999989235,6.100000008077,4.40000000466181,5.8000000040378,6.40000000107759,6.50000000865072,2.49999999306594,4.80000000278329,3.09999999656958,0.216606498143278,3.29272243899894,5.25550197771585,5.64567975951033,-0.540550190362552,-0.205619191208058,5.38803390614694,4.62418650079432,5.53520648057204,3.16598822512103,-0.256775739391401,2.53770127042986,-1.80301377321203,4.58379096944093,7.2364531665454,4.16957535422245,3.46265504522061,3.45462966441372,4.17698239478443,3.67223784138015,1.88596557755378,-0.108312873733027,3.52249717254271,2.75179586314481,4.02902272637739,2.68443073970295,3.77277269047364,4.44712793442667,4.48313335499124,4.78842504836746,4.07758575997799,0.955538337599847,1.70044733078285,2.79560596378604,3.84777169267127,3.48354993710312,2.78453963674239,2.0038583039496,0.113587247501258,-2.5765002366652,2.69519258673525,1.56440685205419,2.28911339009767,2.11783009443471,2.52381981757846,2.94555045227337,1.81945147909089,2.45762230126449,2.96650506701943,2.58382533052225,-2.081375977796,6.15202247867526,2.52421385073222,2.93436322440155,2.79318715363841,2.16138195623856
